date,race,location,time,watch
Mar 18 - 20,Gulf Air Bahrain GP,Bahrain International Circuit,Race Completed,N/A
Mar 25 - 27,STC Saudi Arabian GP,Jeddah Street Circuit,Race Completed,N/A
Apr 8 - 10,Heineken Australian GP,Melbourne Grand Prix Circuit,Race Completed,N/A
Apr 22 - 24,Rolex Emilia Romagna GP,Autodromo Enzo e Dino Ferrari,Race Completed,N/A
May 6 - 8,Crypto.com Miami GP,Miami International Autodrome,May 8 - 3:30 pm,ABC/WatchESPN
May 20 - 22,Pirelli Spanish GP,Circuit de Barcelona-Catalunya,May 22 - 9:00 am,ESPN2/WatchESPN
May 27 - 29,Monaco GP,Circuit de Monaco,May 29 - 9:00 am,ESPN/WatchESPN
Jun 10 - 12,Azerbaijan GP,Baku City Circuit,Jun 12 - 7:00 am,ESPN/WatchESPN
Jun 17 - 19,Canadian GP,Circuit Gilles-Villeneuve,Jun 19 - 2:00 pm,ABC/WatchESPN
Jul 1 - 3,British GP,Silverstone Circuit,Jul 3 - 10:00 am,ESPN2/WatchESPN
Jul 8 - 10,Austrian GP,Red Bull Ring,Jul 10 - 9:00 am,ESPN2/WatchESPN
Jul 22 - 24,French GP,Circuit Paul Ricard,Jul 24 - 9:00 am,ESPN/WatchESPN
Jul 29 - 31,Hungarian GP,Hungaroring,Jul 31 - 9:00 am,ESPN/WatchESPN
Aug 26 - 28,Rolex Belgian GP,Circuit de Spa-Francorchamps,Aug 28 - 9:00 am,No info available
Sep 2 - 4,Heineken Dutch GP,Circuit Park Zandvoort,Sep 4 - 9:00 am,No info available
Sep 9 - 11,Pirelli Italian GP,Autodromo Nazionale Monza,Sep 11 - 9:00 am,No info available
Sep 23 - 25,VTB Russian GP,Sochi Autodrom,Race has been CANCELED,No info available
Sep 30 - Oct 2,Singapore GP,Marina Bay Street Circuit,Oct 2 - 8:00 am,No info available
Oct 7 - 9,Japanese GP,Suzuka International Racing Course,Oct 9 - 1:00 am,No info available
Oct 21 - 23,Aramco United States GP,Circuit of the Americas,Oct 23 - 3:00 pm,ABC/WatchESPN
Oct 28 - 30,Mexico GP,Autodromo Hermanos Rodriguez,Oct 30 - 4:00 pm,No info available
Nov 11 - 13,Heineken Brazil GP,Autodromo Jose Carlos Pace,Nov 13 - 1:00 pm,No info available
Nov 18 - 20,Etihad Airways Abu Dhabi GP,Yas Marina Circuit,Nov 20 - 8:00 am,No info available
